{"cameraMode":{"drawMode":0,"name":"Shaded","section":"Shading Mode"},"sceneLighting":false,"audioPlay":false,"sceneViewState":{"showFog":false,"showMaterialUpdate":false,"showSkybox":false,"showFlares":false,"showImageEffects":false,"showParticleSystems":false},"in2DMode":false,"pivot":{"x":-2.4600002765655519,"y":3.5366017818450929,"z":4.349999904632568},"rotation":{"x":-0.016792666167020799,"y":0.04407673701643944,"z":-0.0007407545926980674,"w":-0.9988889694213867},"size":6.473724365234375,"orthographic":false}