{"cameraMode":{"drawMode":0,"name":"Shaded","section":"Shading Mode"},"sceneLighting":false,"audioPlay":false,"sceneViewState":{"showFog":false,"showMaterialUpdate":false,"showSkybox":false,"showFlares":false,"showImageEffects":false,"showParticleSystems":false},"in2DMode":false,"pivot":{"x":-5.960464477539063e-8,"y":0.11964752525091171,"z":-6.109476089477539e-7},"rotation":{"x":-0.06581264734268189,"y":0.6932741403579712,"z":-0.0638287365436554,"w":-0.714820921421051},"size":0.5420966744422913,"orthographic":false}